<?xml version="1.0" encoding="UTF-8"?>
<project-private xmlns="http://www.netbeans.org/ns/project-private/1">
    <editor-bookmarks xmlns="http://www.netbeans.org/ns/editor-bookmarks/2" lastBookmarkId="0"/>
    <open-files xmlns="http://www.netbeans.org/ns/projectui-open-files/2">
        <group>
            <file>file:/C:/Users/Minhh/OneDrive/Tài%20liệu/NetBeansProjects/java3bai6/src/java3bai6/BookInfo.java</file>
            <file>file:/C:/Users/Minhh/OneDrive/Tài%20liệu/NetBeansProjects/java3bai6/src/java3bai6/Java3bai6.java</file>
            <file>file:/C:/Users/Minhh/OneDrive/Tài%20liệu/NetBeansProjects/java3bai6/src/java3bai6/Bai2.java</file>
        </group>
    </open-files>
</project-private>
